Australian Magpie	Gymnorhina tibicen	https://ebird.org/species/ausmag2/	68.56
Red Wattlebird	Anthochaera carunculata	https://ebird.org/species/redwat1/	53.03
Little Raven	Corvus mellori	https://ebird.org/species/litrav1/	48.24
Magpie-lark	Grallina cyanoleuca	https://ebird.org/species/maglar1/	44.61
Superb Fairywren	Malurus cyaneus	https://ebird.org/species/supfai1/	41.71
Welcome Swallow	Hirundo neoxena	https://ebird.org/species/welswa1/	39.58
Rainbow Lorikeet	Trichoglossus moluccanus	https://ebird.org/species/railor5/	38.1
Noisy Miner	Manorina melanocephala	https://ebird.org/species/noimin1/	33.63
Common Myna	Acridotheres tristis	https://ebird.org/species/commyn/	33.17
Common Starling	Sturnus vulgaris	https://ebird.org/species/eursta/	32.82
Pacific Black Duck	Anas superciliosa	https://ebird.org/species/pabduc1/	32.37
Common Blackbird	Turdus merula	https://ebird.org/species/eurbla/	32.25
Galah	Eolophus roseicapilla	https://ebird.org/species/galah/	29.97
Willie Wagtail	Rhipidura leucophrys	https://ebird.org/species/wilwag1/	29.58
Spotted Dove	Spilopelia chinensis	https://ebird.org/species/spodov/	28.69
Grey Fantail	Rhipidura albiscapa	https://ebird.org/species/gryfan1/	28.67
Sulphur-crested Cockatoo	Cacatua galerita	https://ebird.org/species/succoc/	26.57
Silver Gull	Chroicocephalus novaehollandiae	https://ebird.org/species/silgul2/	25.09
Brown Thornbill	Acanthiza pusilla	https://ebird.org/species/brotho1/	24.96
Masked Lapwing	Vanellus miles	https://ebird.org/species/maslap1/	24.14
Eastern Rosella	Platycercus eximius	https://ebird.org/species/easros1/	23.91
White-plumed Honeyeater	Ptilotula penicillata	https://ebird.org/species/whphon1/	23.58
Crested Pigeon	Ocyphaps lophotes	https://ebird.org/species/crepig1/	23.1
New Holland Honeyeater	Phylidonyris novaehollandiae	https://ebird.org/species/nehhon2/	22.54
Australian Wood Duck	Chenonetta jubata	https://ebird.org/species/manduc1/	21.75
Grey Butcherbird	Cracticus torquatus	https://ebird.org/species/grybut1/	21.72
House Sparrow	Passer domesticus	https://ebird.org/species/houspa/	21.25
Eurasian Coot	Fulica atra	https://ebird.org/species/eurcoo/	21.2
Grey Shrikethrush	Colluricincla harmonica	https://ebird.org/species/grysht1/	21
Little Pied Cormorant	Microcarbo melanoleucos	https://ebird.org/species/lipcor1/	20.67
Dusky Moorhen	Gallinula tenebrosa	https://ebird.org/species/dusmoo1/	20.4
Australasian Swamphen	Porphyrio melanotus	https://ebird.org/species/purswa6/	20.1
White-faced Heron	Egretta novaehollandiae	https://ebird.org/species/whfher1/	20.08
Crimson Rosella	Platycercus elegans	https://ebird.org/species/criros2/	19.95
White-browed Scrubwren	Sericornis frontalis	https://ebird.org/species/whbscr1/	19.79
Laughing Kookaburra	Dacelo novaeguineae	https://ebird.org/species/laukoo1/	19.72
Spotted Pardalote	Pardalotus punctatus	https://ebird.org/species/spopar1/	19.53
Pied Currawong	Strepera graculina	https://ebird.org/species/piecur1/	19.47
Chestnut Teal	Anas castanea	https://ebird.org/species/chetea1/	19.47
Australian White Ibis	Threskiornis molucca	https://ebird.org/species/ausibi1/	19.3
Black Swan	Cygnus atratus	https://ebird.org/species/blkswa/	17.14
Silvereye	Zosterops lateralis	https://ebird.org/species/silver3/	16.98
Grey Teal	Anas gracilis	https://ebird.org/species/gretea1/	15.76
Red-rumped Parrot	Psephotus haematonotus	https://ebird.org/species/rerpar1/	15.45
Musk Lorikeet	Glossopsitta concinna	https://ebird.org/species/muslor1/	13.08
Rock Dove	Columba livia	https://ebird.org/species/rocpig/	12.66
Yellow-faced Honeyeater	Caligavis chrysops	https://ebird.org/species/yefhon1/	12.63
Striated Pardalote	Pardalotus striatus	https://ebird.org/species/strpar1/	12.46
Little Black Cormorant	Phalacrocorax sulcirostris	https://ebird.org/species/libcor1/	12.13
Black-faced Cuckooshrike	Coracina novaehollandiae	https://ebird.org/species/bkfcus1/	12.1
Little Wattlebird	Anthochaera chrysoptera	https://ebird.org/species/bruwat1/	11.87
Australasian Grebe	Tachybaptus novaehollandiae	https://ebird.org/species/ausgre1/	11.62
Straw-necked Ibis	Threskiornis spinicollis	https://ebird.org/species/stnibi1/	10.76
Australian Pelican	Pelecanus conspicillatus	https://ebird.org/species/auspel1/	10.34
Eastern Yellow Robin	Eopsaltria australis	https://ebird.org/species/yelrob1/	10.27
Red-browed Finch	Neochmia temporalis	https://ebird.org/species/rebfir1/	10.24
Eastern Spinebill	Acanthorhynchus tenuirostris	https://ebird.org/species/easspi1/	10.01
Australian Raven	Corvus coronoides	https://ebird.org/species/ausrav1/	9.96
Golden Whistler	Pachycephala pectoralis	https://ebird.org/species/golwhi1/	9.86
Long-billed Corella	Cacatua tenuirostris	https://ebird.org/species/lobcor1/	9.84
White-throated Treecreeper	Cormobates leucophaea	https://ebird.org/species/whttre3/	9.69
Common Bronzewing	Phaps chalcoptera	https://ebird.org/species/combro1/	9.61
Yellow-rumped Thornbill	Acanthiza chrysorrhoa	https://ebird.org/species/yertho1/	9.53
Hoary-headed Grebe	Poliocephalus poliocephalus	https://ebird.org/species/hohgre1/	8.5
Rufous Whistler	Pachycephala rufiventris	https://ebird.org/species/rufwhi1/	8.43
Great Cormorant	Phalacrocorax carbo	https://ebird.org/species/grecor/	8.29
European Goldfinch	Carduelis carduelis	https://ebird.org/species/eurgol/	8.04
Little Corella	Cacatua sanguinea	https://ebird.org/species/litcor2/	7.71
Australian Reed Warbler	Acrocephalus australis	https://ebird.org/species/aurwar1/	7.57
Whistling Kite	Haliastur sphenurus	https://ebird.org/species/whikit1/	7.45
Weebill	Smicrornis brevirostris	https://ebird.org/species/weebil1/	6.8
White-winged Chough	Corcorax melanorhamphos	https://ebird.org/species/whwcho1/	6.66
Great Egret	Ardea alba	https://ebird.org/species/greegr/	6.57
White-eared Honeyeater	Nesoptilotis leucotis	https://ebird.org/species/whehon1/	6.54
Little Grassbird	Poodytes gramineus	https://ebird.org/species/litgra1/	6.4
Hardhead	Aythya australis	https://ebird.org/species/wheduc1/	6.36
Australian Shelduck	Tadorna tadornoides	https://ebird.org/species/ausshe1/	5.98
Striated Thornbill	Acanthiza lineata	https://ebird.org/species/strtho1/	5.9
Pacific Gull	Larus pacificus	https://ebird.org/species/pacgul1/	5.86
Swamp Harrier	Circus approximans	https://ebird.org/species/swahar1/	5.81
Grey Currawong	Strepera versicolor	https://ebird.org/species/grycur1/	5.76
Pied Stilt	Himantopus leucocephalus	https://ebird.org/species/piesti1/	5.68
Australian King-Parrot	Alisterus scapularis	https://ebird.org/species/aukpar1/	5.65
Brown Treecreeper	Climacteris picumnus	https://ebird.org/species/brotre2/	5.53
Crested Tern	Thalasseus bergii	https://ebird.org/species/grcter1/	5.46
White-naped Honeyeater	Melithreptus lunatus	https://ebird.org/species/whnhon2/	5.32
Brown Falcon	Falco berigora	https://ebird.org/species/brofal1/	5.28
Golden-headed Cisticola	Cisticola exilis	https://ebird.org/species/gohcis1/	5.25
Royal Spoonbill	Platalea regia	https://ebird.org/species/royspo1/	5.19
Dusky Woodswallow	Artamus cyanopterus	https://ebird.org/species/duswoo1/	5.17
Fan-tailed Cuckoo	Cacomantis flabelliformis	https://ebird.org/species/fatcuc1/	5.09
Yellow-tailed Black-Cockatoo	Zanda funerea	https://ebird.org/species/ytbcoc1/	4.9
Brown-headed Honeyeater	Melithreptus brevirostris	https://ebird.org/species/brhhon1/	4.89
White-fronted Chat	Epthianura albifrons	https://ebird.org/species/whfcha1/	4.78
Wedge-tailed Eagle	Aquila audax	https://ebird.org/species/weteag1/	4.64
Black-shouldered Kite	Elanus axillaris	https://ebird.org/species/auskit1/	4.63
Pied Cormorant	Phalacrocorax varius	https://ebird.org/species/piecor1/	4.55
Eurasian Skylark	Alauda arvensis	https://ebird.org/species/skylar/	4.52
Nankeen Kestrel	Falco cenchroides	https://ebird.org/species/auskes1/	4.46
Tree Martin	Petrochelidon nigricans	https://ebird.org/species/tremar2/	4.45
Yellow Thornbill	Acanthiza nana	https://ebird.org/species/yeltho1/	4.27
Australasian Darter	Anhinga novaehollandiae	https://ebird.org/species/darter4/	4.27
Sacred Kingfisher	Todiramphus sanctus	https://ebird.org/species/sackin1/	4.23
Black-fronted Dotterel	Elseyornis melanops	https://ebird.org/species/blfdot1/	4.17
Australian Pied Oystercatcher	Haematopus longirostris	https://ebird.org/species/pieoys1/	4.11
Bell Miner	Manorina melanophrys	https://ebird.org/species/belmin1/	4.1
Australian Pipit	Anthus australis	https://ebird.org/species/auspip2/	4.05
Singing Honeyeater	Gavicalis virescens	https://ebird.org/species/sinhon1/	3.96
Yellow-billed Spoonbill	Platalea flavipes	https://ebird.org/species/yebspo1/	3.93
Mistletoebird	Dicaeum hirundinaceum	https://ebird.org/species/mistle1/	3.75
Musk Duck	Biziura lobata	https://ebird.org/species/musduc1/	3.72
Brown Goshawk	Accipiter fasciatus	https://ebird.org/species/brogos1/	3.59
Tawny Frogmouth	Podargus strigoides	https://ebird.org/species/tawfro1/	3.55
Spiny-cheeked Honeyeater	Acanthagenys rufogularis	https://ebird.org/species/spchon1/	3.55
Red-necked Stint	Calidris ruficollis	https://ebird.org/species/rensti/	3.51
Australasian Shoveler	Spatula rhynchotis	https://ebird.org/species/aussho1/	3.38
Pink-eared Duck	Malacorhynchus membranaceus	https://ebird.org/species/pieduc1/	3.29
Horsfield's Bronze-Cuckoo	Chrysococcyx basalis	https://ebird.org/species/hobcuc1/	3.24
Fairy Martin	Petrochelidon ariel	https://ebird.org/species/faimar2/	3.22
Scarlet Robin	Petroica boodang	https://ebird.org/species/scarob2/	3.19
Buff-rumped Thornbill	Acanthiza reguloides	https://ebird.org/species/burtho1/	3.15
Jacky Winter	Microeca fascinans	https://ebird.org/species/jacwin1/	2.98
Red-capped Plover	Charadrius ruficapillus	https://ebird.org/species/recplo1/	2.94
White-necked Heron	Ardea pacifica	https://ebird.org/species/pacher1/	2.88
Black Kite	Milvus migrans	https://ebird.org/species/blakit1/	2.84
Flame Robin	Petroica phoenicea	https://ebird.org/species/flarob1/	2.82
European Greenfinch	Chloris chloris	https://ebird.org/species/eurgre1/	2.8
Blue-billed Duck	Oxyura australis	https://ebird.org/species/blbduc1/	2.79
Sharp-tailed Sandpiper	Calidris acuminata	https://ebird.org/species/shtsan/	2.77
White-browed Babbler	Pomatostomus superciliosus	https://ebird.org/species/whbbab3/	2.77
Gang-gang Cockatoo	Callocephalon fimbriatum	https://ebird.org/species/gagcoc1/	2.69
Olive-backed Oriole	Oriolus sagittatus	https://ebird.org/species/olbori1/	2.67
Yellow-tufted Honeyeater	Lichenostomus melanops	https://ebird.org/species/yethon3/	2.62
Shining Bronze-Cuckoo	Chrysococcyx lucidus	https://ebird.org/species/shbcuc1/	2.61
Peaceful Dove	Geopelia placida	https://ebird.org/species/peadov1/	2.6
Australasian Gannet	Morus serrator	https://ebird.org/species/ausgan1/	2.58
Whiskered Tern	Chlidonias hybrida	https://ebird.org/species/whiter2/	2.41
Cape Barren Goose	Cereopsis novaehollandiae	https://ebird.org/species/cabgoo1/	2.37
Fuscous Honeyeater	Ptilotula fusca	https://ebird.org/species/fushon1/	2.35
Eastern Whipbird	Psophodes olivaceus	https://ebird.org/species/easwhi1/	2.27
Red-necked Avocet	Recurvirostra novaehollandiae	https://ebird.org/species/renavo1/	2.27
Restless Flycatcher	Myiagra inquieta	https://ebird.org/species/resfly1/	2.27
Purple-crowned Lorikeet	Parvipsitta porphyrocephala	https://ebird.org/species/puclor1/	2.24
Eastern Shrike-tit	Falcunculus frontatus	https://ebird.org/species/cresht1/	2.18
Nankeen Night-Heron	Nycticorax caledonicus	https://ebird.org/species/runher1/	2.15
Satin Bowerbird	Ptilonorhynchus violaceus	https://ebird.org/species/satbow1/	2.12
Red-kneed Dotterel	Erythrogonys cinctus	https://ebird.org/species/rekdot1/	2.02
Blue-faced Honeyeater	Entomyzon cyanotis	https://ebird.org/species/blfhon1/	1.95
Australian Hobby	Falco longipennis	https://ebird.org/species/aushob1/	1.94
Striated Fieldwren	Calamanthus fuliginosus	https://ebird.org/species/strfie1/	1.91
Curlew Sandpiper	Calidris ferruginea	https://ebird.org/species/cursan/	1.9
Varied Sittella	Daphoenositta chrysoptera	https://ebird.org/species/varsit8/	1.85
Great Crested Grebe	Podiceps cristatus	https://ebird.org/species/grcgre1/	1.83
Collared Sparrowhawk	Accipiter cirrocephalus	https://ebird.org/species/colspa1/	1.83
Little Egret	Egretta garzetta	https://ebird.org/species/litegr/	1.79
Common Greenshank	Tringa nebularia	https://ebird.org/species/comgre/	1.75
Caspian Tern	Hydroprogne caspia	https://ebird.org/species/caster1/	1.71
Red-capped Robin	Petroica goodenovii	https://ebird.org/species/recrob1/	1.64
White-bellied Sea-Eagle	Haliaeetus leucogaster	https://ebird.org/species/wbseag1/	1.59
Noisy Friarbird	Philemon corniculatus	https://ebird.org/species/noifri1/	1.58
Rainbow Bee-eater	Merops ornatus	https://ebird.org/species/rabeat1/	1.57
Little Eagle	Hieraaetus morphnoides	https://ebird.org/species/liteag1/	1.49
Crescent Honeyeater	Phylidonyris pyrrhopterus	https://ebird.org/species/crehon2/	1.49
Peregrine Falcon	Falco peregrinus	https://ebird.org/species/perfal/	1.47
Pied Butcherbird	Cracticus nigrogularis	https://ebird.org/species/piebut1/	1.47
Buff-banded Rail	Gallirallus philippensis	https://ebird.org/species/bubrai1/	1.43
Superb Lyrebird	Menura novaehollandiae	https://ebird.org/species/suplyr1/	1.43
Zebra Finch	Taeniopygia guttata	https://ebird.org/species/zebfin2/	1.4
Cattle Egret	Bubulcus ibis	https://ebird.org/species/categr/	1.4
Australian Spotted Crake	Porzana fluminea	https://ebird.org/species/auscra1/	1.35
White-browed Woodswallow	Artamus superciliosus	https://ebird.org/species/whbwoo5/	1.34
Little Lorikeet	Parvipsitta pusilla	https://ebird.org/species/litlor1/	1.33
Latham's Snipe	Gallinago hardwickii	https://ebird.org/species/latsni1/	1.32
Sooty Oystercatcher	Haematopus fuliginosus	https://ebird.org/species/soooys1/	1.3
Brolga	Antigone rubicunda	https://ebird.org/species/brolga1/	1.29
Lewin's Honeyeater	Meliphaga lewinii	https://ebird.org/species/lewhon1/	1.29
Blue-winged Parrot	Neophema chrysostoma	https://ebird.org/species/blwpar3/	1.29
Pallid Cuckoo	Cacomantis pallidus	https://ebird.org/species/palcuc1/	1.27
Australian Ringneck	Barnardius zonarius	https://ebird.org/species/polpar1/	1.23
Freckled Duck	Stictonetta naevosa	https://ebird.org/species/freduc1/	1.23
Emu	Dromaius novaehollandiae	https://ebird.org/species/emu1/	1.22
Rufous Songlark	Cincloramphus mathewsi	https://ebird.org/species/rufson1/	1.2
Black-chinned Honeyeater	Melithreptus gularis	https://ebird.org/species/blchon2/	1.18
Black-tailed Nativehen	Tribonyx ventralis	https://ebird.org/species/btnhen1/	1.17
Rufous Fantail	Rhipidura rufifrons	https://ebird.org/species/ruffan1/	1.16
Chestnut-rumped Thornbill	Acanthiza uropygialis	https://ebird.org/species/chrtho1/	1.12
Yellow-plumed Honeyeater	Ptilotula ornata	https://ebird.org/species/yephon1/	1.11
Hooded Robin	Melanodryas cucullata	https://ebird.org/species/hoorob1/	1.03
Spotless Crake	Zapornia tabuensis	https://ebird.org/species/spocra2/	1.02
Bar-tailed Godwit	Limosa lapponica	https://ebird.org/species/batgod/	1.02
Diamond Firetail	Stagonopleura guttata	https://ebird.org/species/diafir1/	1.01
Rose Robin	Petroica rosea	https://ebird.org/species/rosrob1/	0.9944
White-winged Triller	Lalage tricolor	https://ebird.org/species/whwtri1/	0.9873
Hooded Plover	Thinornis cucullatus	https://ebird.org/species/hooplo2/	0.9737
Little Friarbird	Philemon citreogularis	https://ebird.org/species/litfri1/	0.9699
Banded Stilt	Cladorhynchus leucocephalus	https://ebird.org/species/bansti1/	0.9687
Southern Boobook	Ninox boobook	https://ebird.org/species/souboo8/	0.964
Stubble Quail	Coturnix pectoralis	https://ebird.org/species/stuqua1/	0.8553
Bassian Thrush	Zoothera lunulata	https://ebird.org/species/oltthr1/	0.8547
Southern Whiteface	Aphelocephala leucopsis	https://ebird.org/species/souwhi1/	0.8482
Greater Bluebonnet	Northiella haematogaster	https://ebird.org/species/bluebo1/	0.8401
Eurasian Tree Sparrow	Passer montanus	https://ebird.org/species/eutspa/	0.827
Marsh Sandpiper	Tringa stagnatilis	https://ebird.org/species/marsan/	0.8261
Crested Bellbird	Oreoica gutturalis	https://ebird.org/species/crebel1/	0.8225
Forest Raven	Corvus tasmanicus	https://ebird.org/species/forrav1/	0.8022
Double-banded Plover	Charadrius bicinctus	https://ebird.org/species/dobplo1/	0.7594
Purple-backed Fairywren	Malurus assimilis	https://ebird.org/species/varfai1/	0.7158
Wonga Pigeon	Leucosarcia melanoleuca	https://ebird.org/species/wonpig1/	0.7112
Black-faced Cormorant	Phalacrocorax fuscescens	https://ebird.org/species/blfcor1/	0.6871
Brown Quail	Synoicus ypsilophorus	https://ebird.org/species/broqua1/	0.683
Kelp Gull	Larus dominicanus	https://ebird.org/species/kelgul/	0.6804
Satin Flycatcher	Myiagra cyanoleuca	https://ebird.org/species/satfly1/	0.6787
Speckled Warbler	Pyrrholaemus sagittatus	https://ebird.org/species/spewar3/	0.6779
Scarlet Honeyeater	Myzomela sanguinolenta	https://ebird.org/species/scamyz1/	0.6702
Australian Owlet-nightjar	Aegotheles cristatus	https://ebird.org/species/auonig1/	0.6599
Brush Bronzewing	Phaps elegans	https://ebird.org/species/brubro1/	0.6508
Fairy Tern	Sternula nereis	https://ebird.org/species/faiter2/	0.6459
Brown Songlark	Cincloramphus cruralis	https://ebird.org/species/broson1/	0.6378
Horsfield's Bushlark	Mirafra javanica	https://ebird.org/species/sinbus6/	0.636
Inland Thornbill	Acanthiza apicalis	https://ebird.org/species/inltho1/	0.6175
Brown Gerygone	Gerygone mouki	https://ebird.org/species/broger1/	0.6072
Rufous Bristlebird	Dasyornis broadbenti	https://ebird.org/species/rufbri1/	0.6021
White-breasted Woodswallow	Artamus leucorynchus	https://ebird.org/species/whbwoo4/	0.5972
Western Gerygone	Gerygone fusca	https://ebird.org/species/wesger1/	0.5883
Gilbert's Whistler	Pachycephala inornata	https://ebird.org/species/gilwhi1/	0.5827
Yellow-throated Miner	Manorina flavigula	https://ebird.org/species/yetmin1/	0.5794
White-throated Needletail	Hirundapus caudacutus	https://ebird.org/species/whtnee/	0.5679
Eastern Curlew	Numenius madagascariensis	https://ebird.org/species/faecur/	0.5589
White-winged Black Tern	Chlidonias leucopterus	https://ebird.org/species/whwter/	0.5531
Tawny-crowned Honeyeater	Gliciphila melanops	https://ebird.org/species/tachon1/	0.5417
Little Tern	Sternula albifrons	https://ebird.org/species/litter1/	0.5389
Masked Woodswallow	Artamus personatus	https://ebird.org/species/maswoo1/	0.5259
Magpie Goose	Anseranas semipalmata	https://ebird.org/species/maggoo1/	0.5251
White-fronted Honeyeater	Purnella albifrons	https://ebird.org/species/whfhon1/	0.518
White-bellied Cuckooshrike	Coracina papuensis	https://ebird.org/species/whbcus1/	0.5168
Splendid Fairywren	Malurus splendens	https://ebird.org/species/splfai1/	0.5156
Shy Albatross	Thalassarche cauta	https://ebird.org/species/whcalb1/	0.5058
Olive Whistler	Pachycephala olivacea	https://ebird.org/species/oliwhi1/	0.502
Short-tailed Shearwater	Ardenna tenuirostris	https://ebird.org/species/shtshe/	0.4971
Muscovy Duck	Cairina moschata	https://ebird.org/species/musduc/	0.4969
Regent Parrot	Polytelis anthopeplus	https://ebird.org/species/regpar1/	0.4918
Powerful Owl	Ninox strenua	https://ebird.org/species/powowl1/	0.4862
Spotted Harrier	Circus assimilis	https://ebird.org/species/spohar1/	0.4855
Shy Heathwren	Hylacola cauta	https://ebird.org/species/shyhea1/	0.4778
Southern Emuwren	Stipiturus malachurus	https://ebird.org/species/souemu1/	0.4774
Mulga Parrot	Psephotus varius	https://ebird.org/species/mulpar1/	0.474
White-winged Fairywren	Malurus leucopterus	https://ebird.org/species/whwfai1/	0.4679
Leaden Flycatcher	Myiagra rubecula	https://ebird.org/species/leafly2/	0.4519
Azure Kingfisher	Ceyx azureus	https://ebird.org/species/azukin1/	0.4407
Common Tern	Sterna hirundo	https://ebird.org/species/comter/	0.4334
Glossy Ibis	Plegadis falcinellus	https://ebird.org/species/gloibi/	0.4322
Red Knot	Calidris canutus	https://ebird.org/species/redkno/	0.4239
Ruddy Turnstone	Arenaria interpres	https://ebird.org/species/rudtur/	0.4119
Turquoise Parrot	Neophema pulchella	https://ebird.org/species/turpar1/	0.402
Swift Parrot	Lathamus discolor	https://ebird.org/species/swipar1/	0.4012
Red-browed Treecreeper	Climacteris erythrops	https://ebird.org/species/rebtre1/	0.3976
Banded Lapwing	Vanellus tricolor	https://ebird.org/species/banlap1/	0.3896
White-throated Gerygone	Gerygone olivacea	https://ebird.org/species/whtger1/	0.3775
Little Penguin	Eudyptula minor	https://ebird.org/species/litpen1/	0.3716
Pink Robin	Petroica rodinogaster	https://ebird.org/species/pinrob1/	0.3647
Black-browed Albatross	Thalassarche melanophris	https://ebird.org/species/bkbalb/	0.3588
Song Thrush	Turdus philomelos	https://ebird.org/species/sonthr1/	0.3586
Black Falcon	Falco subniger	https://ebird.org/species/blafal1/	0.3556
Dollarbird	Eurystomus orientalis	https://ebird.org/species/dollar1/	0.3505
Painted Buttonquail	Turnix varius	https://ebird.org/species/paibut/	0.3463
Large-billed Scrubwren	Sericornis magnirostra	https://ebird.org/species/labscr2/	0.3406
Scaly-breasted Lorikeet	Trichoglossus chlorolepidotus	https://ebird.org/species/scblor1/	0.3349
Baillon's Crake	Zapornia pusilla	https://ebird.org/species/baicra1/	0.3313
Southern Scrub-Robin	Drymodes brunneopygia	https://ebird.org/species/sosrob1/	0.3104
Pacific Koel	Eudynamys orientalis	https://ebird.org/species/asikoe3/	0.3098
Black-tailed Godwit	Limosa limosa	https://ebird.org/species/bktgod/	0.3053
Pacific Golden-Plover	Pluvialis fulva	https://ebird.org/species/pagplo/	0.3017
Striped Honeyeater	Plectorhyncha lanceolata	https://ebird.org/species/strhon1/	0.2998
Brush Cuckoo	Cacomantis variolosus	https://ebird.org/species/brucuc1/	0.2877
Gull-billed Tern	Gelochelidon nilotica	https://ebird.org/species/gubter1/	0.2816
Lewin's Rail	Lewinia pectoralis	https://ebird.org/species/lewrai1/	0.2751
Apostlebird	Struthidea cinerea	https://ebird.org/species/apostl1/	0.2721
Black-faced Monarch	Monarcha melanopsis	https://ebird.org/species/blfmon1/	0.2686
Whimbrel	Numenius phaeopus	https://ebird.org/species/whimbr/	0.2567
Pilotbird	Pycnoptilus floccosus	https://ebird.org/species/pilotb1/	0.2526
Grey Goshawk	Accipiter novaehollandiae	https://ebird.org/species/grygos1/	0.25
Chestnut Quail-thrush	Cinclosoma castanotum	https://ebird.org/species/chequt1/	0.2473
Major Mitchell's Cockatoo	Lophochroa leadbeateri	https://ebird.org/species/pincoc1/	0.2372
Grey-crowned Babbler	Pomatostomus temporalis	https://ebird.org/species/gycbab1/	0.2368
Cockatiel	Nymphicus hollandicus	https://ebird.org/species/cockat/	0.2293
Intermediate Egret	Ardea intermedia	https://ebird.org/species/integr/	0.2271
Barn Owl	Tyto alba	https://ebird.org/species/brnowl/	0.2269
Arctic Jaeger	Stercorarius parasiticus	https://ebird.org/species/parjae/	0.2088
Fluttering Shearwater	Puffinus gavia	https://ebird.org/species/flushe1/	0.193
Purple-gaped Honeyeater	Lichenostomus cratitius	https://ebird.org/species/pughon1/	0.1893
White-backed Swallow	Cheramoeca leucosterna	https://ebird.org/species/whbswa3/	0.1871
Common Sandpiper	Actitis hypoleucos	https://ebird.org/species/comsan/	0.1857
Wood Sandpiper	Tringa glareola	https://ebird.org/species/woosan/	0.1837
Mallee Emuwren	Stipiturus mallee	https://ebird.org/species/malemu1/	0.1808
Beautiful Firetail	Stagonopleura bella	https://ebird.org/species/beafir1/	0.1752
Chestnut-rumped Heathwren	Hylacola pyrrhopygia	https://ebird.org/species/chrhea1/	0.1742
Painted Honeyeater	Grantiella picta	https://ebird.org/species/paihon1/	0.1721
Black-eared Cuckoo	Chrysococcyx osculans	https://ebird.org/species/blecuc1/	0.1703
Chestnut-crowned Babbler	Pomatostomus ruficeps	https://ebird.org/species/chcbab2/	0.1697
Square-tailed Kite	Lophoictinia isura	https://ebird.org/species/sqtkit1/	0.1664
Western Whistler	Pachycephala fuliginosa	https://ebird.org/species/weswhi2/	0.1537
Pectoral Sandpiper	Calidris melanotos	https://ebird.org/species/pecsan/	0.1516
Sanderling	Calidris alba	https://ebird.org/species/sander/	0.15
Black Honeyeater	Sugomel nigrum	https://ebird.org/species/blahon1/	0.1488
Black-faced Woodswallow	Artamus cinereus	https://ebird.org/species/blfwoo1/	0.1437
Spotted Quail-thrush	Cinclosoma punctatum	https://ebird.org/species/spqthr1/	0.1409
Rufous Fieldwren	Calamanthus campestris	https://ebird.org/species/ruffie2/	0.1374
Australasian Bittern	Botaurus poiciloptilus	https://ebird.org/species/ausbit1/	0.1371
White-headed Pigeon	Columba leucomela	https://ebird.org/species/whhpig1/	0.1328
Common Cicadabird	Edolisoma tenuirostre	https://ebird.org/species/cicada1/	0.1316
Striated Grasswren	Amytornis striatus	https://ebird.org/species/strgra2/	0.131
Yellow-nosed Albatross	Thalassarche chlororhynchos	https://ebird.org/species/yenalb/	0.1243
Malleefowl	Leipoa ocellata	https://ebird.org/species/mallee1/	0.1235
Budgerigar	Melopsittacus undulatus	https://ebird.org/species/budger/	0.1212
Plumed Whistling-Duck	Dendrocygna eytoni	https://ebird.org/species/plwduc1/	0.1164
Fairy Prion	Pachyptila turtur	https://ebird.org/species/faipri1/	0.1147
Crimson Chat	Epthianura tricolor	https://ebird.org/species/cricha1/	0.1139
Wandering Albatross	Diomedea exulans	https://ebird.org/species/wanalb/	0.1131
Pacific Swift	Apus pacificus	https://ebird.org/species/fotswi/	0.1068
Greylag Goose	Anser anser	https://ebird.org/species/gragoo/	0.1032
White-throated Nightjar	Eurostopodus mystacalis	https://ebird.org/species/whtnig3/	0.0937
Great Knot	Calidris tenuirostris	https://ebird.org/species/grekno/	0.0925
Grey Plover	Pluvialis squatarola	https://ebird.org/species/bkbplo/	0.0892
Little Buttonquail	Turnix velox	https://ebird.org/species/litbut1/	0.0878
Terek Sandpiper	Xenus cinereus	https://ebird.org/species/tersan/	0.0827
Wilson's Storm-Petrel	Oceanites oceanicus	https://ebird.org/species/wispet/	0.0827
White-fronted Tern	Sterna striata	https://ebird.org/species/whfter1/	0.0825
Northern Giant-Petrel	Macronectes halli	https://ebird.org/species/norgip1/	0.0797
Sooty Owl	Tyto tenebricosa	https://ebird.org/species/sooowl1/	0.0781
Orange-bellied Parrot	Neophema chrysogaster	https://ebird.org/species/orbpar1/	0.0744
Orange Chat	Epthianura aurifrons	https://ebird.org/species/oracha1/	0.074
Long-toed Stint	Calidris subminuta	https://ebird.org/species/lotsti/	0.0722
Eastern Reef Egret	Egretta sacra	https://ebird.org/species/pacreh1/	0.0693
Sooty Shearwater	Ardenna grisea	https://ebird.org/species/sooshe/	0.0683
White-faced Storm-Petrel	Pelagodroma marina	https://ebird.org/species/wfspet/	0.0681
White-chinned Petrel	Procellaria aequinoctialis	https://ebird.org/species/whcpet1/	0.0673
Grey-backed Storm-Petrel	Garrodia nereis	https://ebird.org/species/gybstp1/	0.0667
Spotted Nightjar	Eurostopodus argus	https://ebird.org/species/sponig1/	0.0665
White-browed Treecreeper	Climacteris affinis	https://ebird.org/species/whbtre2/	0.0661
Slender-billed Thornbill	Acanthiza iredalei	https://ebird.org/species/slbtho2/	0.0626
Broad-billed Sandpiper	Calidris falcinellus	https://ebird.org/species/brbsan/	0.0624
Red-necked Phalarope	Phalaropus lobatus	https://ebird.org/species/renpha/	0.0618
Grey-tailed Tattler	Tringa brevipes	https://ebird.org/species/gyttat1/	0.0614
Topknot Pigeon	Lopholaimus antarcticus	https://ebird.org/species/toppig1/	0.0602
Great-winged Petrel	Pterodroma macroptera	https://ebird.org/species/grwpet3/	0.0602
Australasian Figbird	Sphecotheres vieilloti	https://ebird.org/species/ausfig1/	0.0586
Flesh-footed Shearwater	Ardenna carneipes	https://ebird.org/species/flfshe/	0.0574
Royal Albatross	Diomedea epomophora	https://ebird.org/species/royalb1/	0.057
Superb Parrot	Polytelis swainsonii	https://ebird.org/species/suppar1/	0.057
Regent Honeyeater	Anthochaera phrygia	https://ebird.org/species/reghon1/	0.0564
Pied Honeyeater	Certhionyx variegatus	https://ebird.org/species/piehon1/	0.0537
Buller's Albatross	Thalassarche bulleri	https://ebird.org/species/bulalb2/	0.0521
Australian Little Bittern	Ixobrychus dubius	https://ebird.org/species/bkbbit1/	0.0521
Osprey	Pandion haliaetus	https://ebird.org/species/osprey/	0.0513
Grey-faced Petrel	Pterodroma gouldi	https://ebird.org/species/grwpet2/	0.0505
Hutton's Shearwater	Puffinus huttoni	https://ebird.org/species/hutshe1/	0.0501
Ruff	Calidris pugnax	https://ebird.org/species/ruff/	0.0497
Glossy Black-Cockatoo	Calyptorhynchus lathami	https://ebird.org/species/glbcoc1/	0.0491
Red-backed Kingfisher	Todiramphus pyrrhopygius	https://ebird.org/species/rebkin2/	0.0485
Red-lored Whistler	Pachycephala rufogularis	https://ebird.org/species/relwhi1/	0.0426
Bush Stone-curlew	Burhinus grallarius	https://ebird.org/species/butkne1/	0.0389
Barking Owl	Ninox connivens	https://ebird.org/species/barowl1/	0.0381
Brown Skua	Stercorarius antarcticus	https://ebird.org/species/brnsku3/	0.0379
Wedge-tailed Shearwater	Ardenna pacifica	https://ebird.org/species/wetshe/	0.0357
Diamond Dove	Geopelia cuneata	https://ebird.org/species/diadov1/	0.0351
Cape Petrel	Daption capense	https://ebird.org/species/cappet/	0.0349
Little Crow	Corvus bennetti	https://ebird.org/species/litcro1/	0.0349
Double-barred Finch	Stizoptera bichenovii	https://ebird.org/species/dobfin1/	0.0349
Channel-billed Cuckoo	Scythrops novaehollandiae	https://ebird.org/species/chbcuc2/	0.0331
Tawny Grassbird	Cincloramphus timoriensis	https://ebird.org/species/tawgra3/	0.0326
Common Diving-Petrel	Pelecanoides urinatrix	https://ebird.org/species/codpet1/	0.0318
Plains-wanderer	Pedionomus torquatus	https://ebird.org/species/plawan1/	0.0296
Red-tailed Black-Cockatoo	Calyptorhynchus banksii	https://ebird.org/species/rtbcoc1/	0.0282
Southern Giant-Petrel	Macronectes giganteus	https://ebird.org/species/angpet1/	0.0276
Tufted Duck	Aythya fuligula	https://ebird.org/species/tufduc/	0.0274
Cape Gannet	Morus capensis	https://ebird.org/species/capgan1/	0.0272
Ground Parrot	Pezoporus wallicus	https://ebird.org/species/gropar1/	0.027
Buff-breasted Sandpiper	Calidris subruficollis	https://ebird.org/species/bubsan/	0.0258
Helmeted Guineafowl	Numida meleagris	https://ebird.org/species/helgui/	0.0258
Black Tern	Chlidonias niger	https://ebird.org/species/blkter/	0.0249
Redthroat	Pyrrholaemus brunneus	https://ebird.org/species/redthr1/	0.0247
Northern Shoveler	Spatula clypeata	https://ebird.org/species/norsho/	0.0237
Australian Masked-Owl	Tyto novaehollandiae	https://ebird.org/species/aumowl1/	0.0203
Eastern Bristlebird	Dasyornis brachypterus	https://ebird.org/species/easbri1/	0.0203
South Island Pied Oystercatcher	Haematopus finschi	https://ebird.org/species/soioys1/	0.0189
Spangled Drongo	Dicrurus bracteatus	https://ebird.org/species/spadro1/	0.0189
Little Stint	Calidris minuta	https://ebird.org/species/litsti/	0.0178
Pomarine Jaeger	Stercorarius pomarinus	https://ebird.org/species/pomjae/	0.017
Hudsonian Godwit	Limosa haemastica	https://ebird.org/species/hudgod/	0.0166
Oriental Pratincole	Glareola maldivarum	https://ebird.org/species/oripra/	0.0166
Tasmanian Boobook	Ninox leucopsis	https://ebird.org/species/souboo3/	0.0158
Eastern Yellow Wagtail	Motacilla tschutschensis	https://ebird.org/species/eaywag/	0.0158
Australian Pratincole	Stiltia isabella	https://ebird.org/species/auspra1/	0.0156
Mallard	Anas platyrhynchos	https://ebird.org/species/mallar3/	0.0154
Beach Stone-curlew	Esacus magnirostris	https://ebird.org/species/beathk1/	0.0152
Lesser Sand-Plover	Charadrius mongolus	https://ebird.org/species/lesplo/	0.0152
Australian Painted-snipe	Rostratula australis	https://ebird.org/species/auspas1/	0.0152
White-headed Petrel	Pterodroma lessonii	https://ebird.org/species/whhpet1/	0.0148
Little Curlew	Numenius minutus	https://ebird.org/species/litcur/	0.0142
Slender-billed Prion	Pachyptila belcheri	https://ebird.org/species/slbpri1/	0.014
Striated Heron	Butorides striata	https://ebird.org/species/strher/	0.014
Antarctic Prion	Pachyptila desolata	https://ebird.org/species/dovpri1/	0.0136
Ground Cuckooshrike	Coracina maxima	https://ebird.org/species/grocus1/	0.0136
Arctic Tern	Sterna paradisaea	https://ebird.org/species/arcter/	0.013
Rose-ringed Parakeet	Psittacula krameri	https://ebird.org/species/rorpar/	0.0124
Wandering Whistling-Duck	Dendrocygna arcuata	https://ebird.org/species/wawduc1/	0.0122
Salvin's Albatross	Thalassarche salvini	https://ebird.org/species/salalb1/	0.0122
Australian Bustard	Ardeotis australis	https://ebird.org/species/ausbus1/	0.0114
Greater Sand-Plover	Charadrius leschenaultii	https://ebird.org/species/grsplo/	0.0111
Long-billed Dowitcher	Limnodromus scolopaceus	https://ebird.org/species/lobdow/	0.0103
Stilt Sandpiper	Calidris himantopus	https://ebird.org/species/stisan/	0.0101
Sooty Albatross	Phoebetria fusca	https://ebird.org/species/sooalb1/	0.0097
Long-tailed Jaeger	Stercorarius longicaudus	https://ebird.org/species/lotjae/	0.0091
Soft-plumaged Petrel	Pterodroma mollis	https://ebird.org/species/soppet1/	0.0083
Red-whiskered Bulbul	Pycnonotus jocosus	https://ebird.org/species/rewbul/	0.0081
Red-chested Buttonquail	Turnix pyrrhothorax	https://ebird.org/species/recbut1/	0.0075
African Collared-Dove	Streptopelia roseogrisea	https://ebird.org/species/afcdov1/	0.0071
Black-eared Miner	Manorina melanotis	https://ebird.org/species/blemin1/	0.0067
Southern Fulmar	Fulmarus glacialoides	https://ebird.org/species/souful1/	0.0061
Grey-headed Albatross	Thalassarche chrysostoma	https://ebird.org/species/gyhalb/	0.0057
Letter-winged Kite	Elanus scriptus	https://ebird.org/species/lewkit1/	0.0055
Inland Dotterel	Peltohyas australis	https://ebird.org/species/inldot2/	0.0049
South Polar Skua	Stercorarius maccormicki	https://ebird.org/species/sopsku1/	0.0045
Blue Petrel	Halobaena caerulea	https://ebird.org/species/blupet1/	0.0045
Buller's Shearwater	Ardenna bulleri	https://ebird.org/species/bulshe/	0.0045
Elegant Parrot	Neophema elegans	https://ebird.org/species/elepar1/	0.0043
Brown Cuckoo-Dove	Macropygia phasianella	https://ebird.org/species/brcdov1/	0.0041
Salvin's Prion	Pachyptila salvini	https://ebird.org/species/salpri2/	0.0037
Great Shearwater	Ardenna gravis	https://ebird.org/species/greshe/	0.0037
Light-mantled Sooty Albatross	Phoebetria palpebrata	https://ebird.org/species/limalb1/	0.0032
White-cheeked Honeyeater	Phylidonyris niger	https://ebird.org/species/whchon2/	0.0032
Red Junglefowl	Gallus gallus	https://ebird.org/species/redjun/	0.003
Bar-shouldered Dove	Geopelia humeralis	https://ebird.org/species/basdov1/	0.0028
Cook's Petrel	Pterodroma cookii	https://ebird.org/species/coopet/	0.0028
Gould's Petrel	Pterodroma leucoptera	https://ebird.org/species/goupet1/	0.0028
Antarctic Tern	Sterna vittata	https://ebird.org/species/antter1/	0.0026
Mandarin Duck	Aix galericulata	https://ebird.org/species/manduc/	0.0026
Ring-necked Pheasant	Phasianus colchicus	https://ebird.org/species/rinphe1/	0.0026
Spectacled Monarch	Symposiachrus trivirgatus	https://ebird.org/species/spemon1/	0.0024
Indian Peafowl	Pavo cristatus	https://ebird.org/species/compea/	0.0022
Franklin's Gull	Leucophaeus pipixcan	https://ebird.org/species/fragul/	0.002
Swan Goose	Anser cygnoides	https://ebird.org/species/swagoo1/	0.0018
King Quail	Synoicus chinensis	https://ebird.org/species/blbqua1/	0.0016
Ringed Plover	Charadrius hiaticula	https://ebird.org/species/corplo/	0.0016
Wandering Tattler	Tringa incana	https://ebird.org/species/wantat1/	0.0016
Providence Petrel	Pterodroma solandri	https://ebird.org/species/solpet1/	0.0016
